{
    "Doc_length": 500,
    "original": {
        "formal_count": 461,
        "informal_count": 39,
        "formal_precent": 92.2,
        "soft_score": 89.20046005249024
    },
    "formal_10": {
        "formal_count": 473,
        "informal_count": 27,
        "formal_precent": 94.6,
        "soft_score": 91.9038902282715
    },
    "formal_15": {
        "formal_count": 477,
        "informal_count": 23,
        "formal_precent": 95.39999999999999,
        "soft_score": 92.68429565429688
    },
    "formal_20": {
        "formal_count": 478,
        "informal_count": 22,
        "formal_precent": 95.6,
        "soft_score": 92.81406517028809
    },
    "informal_10": {
        "formal_count": 349,
        "informal_count": 151,
        "formal_precent": 69.8,
        "soft_score": 66.12006130218506
    },
    "informal_15": {
        "formal_count": 332,
        "informal_count": 168,
        "formal_precent": 66.4,
        "soft_score": 62.43976488113403
    },
    "informal_20": {
        "formal_count": 328,
        "informal_count": 172,
        "formal_precent": 65.60000000000001,
        "soft_score": 61.60946102142334
    }
}