{
    "Doc_length": 500,
    "original": {
        "formal_score": -0.2821224715998396
    },
    "formal_10": {
        "formal_score": -0.17233241117047146
    },
    "formal_15": {
        "formal_score": -0.15511241088295355
    },
    "formal_20": {
        "formal_score": -0.12700586035288872
    },
    "informal_10": {
        "formal_score": -0.9254063275489025
    },
    "informal_15": {
        "formal_score": -1.0860539941657334
    },
    "informal_20": {
        "formal_score": -1.1330950869219378
    }
}