{"Doc_length": 500, "original": {"formal_score": -0.1664966547815129}, "formal_10": {"formal_score": -0.076317587566562}, "formal_15": {"formal_score": -0.09357010018546134}, "formal_20": {"formal_score": -0.06657376093184575}, "informal_10": {"formal_score": -0.5801318156877533}, "informal_15": {"formal_score": -0.720895890855696}, "informal_20": {"formal_score": -0.7895256340675987}}