{"Doc_length": 500, "original": {"formal_count": 480, "informal_count": 20, "formal_precent": 96.0, "soft_score": 93.18006477355956}, "formal_10": {"formal_count": 481, "informal_count": 19, "formal_precent": 96.2, "soft_score": 93.39155197143555}, "formal_15": {"formal_count": 480, "informal_count": 20, "formal_precent": 96.0, "soft_score": 93.1945083618164}, "formal_20": {"formal_count": 478, "informal_count": 22, "formal_precent": 95.6, "soft_score": 93.24907760620117}, "informal_10": {"formal_count": 393, "informal_count": 107, "formal_precent": 78.60000000000001, "soft_score": 74.9546049118042}, "informal_15": {"formal_count": 371, "informal_count": 129, "formal_precent": 74.2, "soft_score": 69.54004650115967}, "informal_20": {"formal_count": 350, "informal_count": 150, "formal_precent": 70.0, "soft_score": 64.71079998016357}}