{
    "Doc_length": 500,
    "original": {
        "formal_count": 461,
        "informal_count": 39,
        "formal_precent": 92.2,
        "soft_score": 89.20046005249024
    },
    "formal_10": {
        "formal_count": 472,
        "informal_count": 28,
        "formal_precent": 94.39999999999999,
        "soft_score": 91.75425853729247
    },
    "formal_15": {
        "formal_count": 474,
        "informal_count": 26,
        "formal_precent": 94.8,
        "soft_score": 92.47207183837891
    },
    "formal_20": {
        "formal_count": 474,
        "informal_count": 26,
        "formal_precent": 94.8,
        "soft_score": 92.45244979858398
    },
    "informal_10": {
        "formal_count": 152,
        "informal_count": 348,
        "formal_precent": 30.4,
        "soft_score": 26.96052212715149
    },
    "informal_15": {
        "formal_count": 140,
        "informal_count": 360,
        "formal_precent": 28.000000000000004,
        "soft_score": 24.749929821491243
    },
    "informal_20": {
        "formal_count": 138,
        "informal_count": 362,
        "formal_precent": 27.6,
        "soft_score": 24.559906482696533
    }
}