{
    "Doc_length": 500,
    "original": {
        "formal_score": -0.2821224715998396
    },
    "formal_10": {
        "formal_score": -0.14285197586705908
    },
    "formal_15": {
        "formal_score": -0.13912528469972313
    },
    "formal_20": {
        "formal_score": -0.12959233819320798
    },
    "informal_10": {
        "formal_score": -0.820879369687289
    },
    "informal_15": {
        "formal_score": -1.0160287183737382
    },
    "informal_20": {
        "formal_score": -1.109290091655217
    }
}