{"Doc_length": 500, "original": {"formal_score": -0.1664966547815129}, "formal_10": {"formal_score": -0.08952006750321016}, "formal_15": {"formal_score": -0.08110869606165215}, "formal_20": {"formal_score": -0.07936935199936852}, "informal_10": {"formal_score": -1.3218557621464133}, "informal_15": {"formal_score": -1.431136360567063}, "informal_20": {"formal_score": -1.4747451221495866}}