{
    "Doc_length": 500,
    "original": {
        "formal_score": 0.9204989557415247
    },
    "formal_10": {
        "formal_score": 0.9123151326179504
    },
    "formal_15": {
        "formal_score": 0.9113989559412002
    },
    "formal_20": {
        "formal_score": 0.9130612920224667
    },
    "informal_10": {
        "formal_score": -0.028533389242365956
    },
    "informal_15": {
        "formal_score": -0.03644651815341786
    },
    "informal_20": {
        "formal_score": -0.0533241912079975
    }
}