{"Doc_length": 500, "original": {"formal_count": 500, "informal_count": 0, "formal_precent": 100.0, "soft_score": 99.53409957885742}, "formal_10": {"formal_count": 499, "informal_count": 1, "formal_precent": 99.8, "soft_score": 99.19871826171875}, "formal_15": {"formal_count": 499, "informal_count": 1, "formal_precent": 99.8, "soft_score": 99.19363212585449}, "formal_20": {"formal_count": 499, "informal_count": 1, "formal_precent": 99.8, "soft_score": 99.2365566253662}, "informal_10": {"formal_count": 307, "informal_count": 193, "formal_precent": 61.4, "soft_score": 55.300846099853516}, "informal_15": {"formal_count": 194, "informal_count": 306, "formal_precent": 38.800000000000004, "soft_score": 33.64915022850037}, "informal_20": {"formal_count": 201, "informal_count": 299, "formal_precent": 40.2, "soft_score": 34.60273504257202}}