{"Doc_length": 500, "original": {"formal_score": 0.9204989557415247}, "formal_10": {"formal_score": 0.9297333611100912}, "formal_15": {"formal_score": 0.929217800911516}, "formal_20": {"formal_score": 0.9302034766227006}, "informal_10": {"formal_score": 0.7769257929725573}, "informal_15": {"formal_score": 0.7000830019735731}, "informal_20": {"formal_score": 0.6871537560583092}}