{"Doc_length": 500, "original": {"formal_score": 0.9204989557415247}, "formal_10": {"formal_score": 0.9221683078184724}, "formal_15": {"formal_score": 0.9215392768159508}, "formal_20": {"formal_score": 0.9250767260119319}, "informal_10": {"formal_score": 0.34278651513019576}, "informal_15": {"formal_score": 0.059854814890306446}, "informal_20": {"formal_score": 0.004810768170282245}}