{
    "Doc_length": 500,
    "original": {
        "formal_count": 480,
        "informal_count": 20,
        "formal_precent": 96.0,
        "soft_score": 93.18006477355956
    },
    "formal_10": {
        "formal_count": 498,
        "informal_count": 2,
        "formal_precent": 99.6,
        "soft_score": 98.59379425048827
    },
    "formal_15": {
        "formal_count": 498,
        "informal_count": 2,
        "formal_precent": 99.6,
        "soft_score": 98.81859016418457
    },
    "formal_20": {
        "formal_count": 498,
        "informal_count": 2,
        "formal_precent": 99.6,
        "soft_score": 98.74797859191895
    },
    "informal_10": {
        "formal_count": 139,
        "informal_count": 361,
        "formal_precent": 27.800000000000004,
        "soft_score": 23.11238679885864
    },
    "informal_15": {
        "formal_count": 104,
        "informal_count": 396,
        "formal_precent": 20.8,
        "soft_score": 16.62154088020325
    },
    "informal_20": {
        "formal_count": 79,
        "informal_count": 421,
        "formal_precent": 15.8,
        "soft_score": 12.795555663108827
    }
}