{"Doc_length": 500, "original": {"formal_score": -0.1664966547815129}, "formal_10": {"formal_score": -0.1072149964752607}, "formal_15": {"formal_score": -0.09814348146272824}, "formal_20": {"formal_score": -0.07307301524979994}, "informal_10": {"formal_score": -0.5930115473559127}, "informal_15": {"formal_score": -0.7722338675330394}, "informal_20": {"formal_score": -0.8599877253966406}}