{"Doc_length": 500, "original": {"formal_count": 480, "informal_count": 20, "formal_precent": 96.0, "soft_score": 93.18006477355956}, "formal_10": {"formal_count": 483, "informal_count": 17, "formal_precent": 96.6, "soft_score": 93.7434108734131}, "formal_15": {"formal_count": 477, "informal_count": 23, "formal_precent": 95.39999999999999, "soft_score": 92.50411834716797}, "formal_20": {"formal_count": 476, "informal_count": 24, "formal_precent": 95.19999999999999, "soft_score": 92.57579307556152}, "informal_10": {"formal_count": 404, "informal_count": 96, "formal_precent": 80.80000000000001, "soft_score": 76.4528938293457}, "informal_15": {"formal_count": 373, "informal_count": 127, "formal_precent": 74.6, "soft_score": 69.54765281677247}, "informal_20": {"formal_count": 358, "informal_count": 142, "formal_precent": 71.6, "soft_score": 66.75443477630616}}