{
    "Doc_length": 500,
    "original": {
        "formal_score": -0.2821224715998396
    },
    "formal_10": {
        "formal_score": -0.22028456394514068
    },
    "formal_15": {
        "formal_score": -0.2017427508411929
    },
    "formal_20": {
        "formal_score": -0.19828185540717094
    },
    "informal_10": {
        "formal_score": -1.6149525384232402
    },
    "informal_15": {
        "formal_score": -1.6361743693556636
    },
    "informal_20": {
        "formal_score": -1.6307830471396447
    }
}