{
    "Doc_length": 500,
    "original": {
        "formal_score": -0.1664966547815129
    },
    "formal_10": {
        "formal_score": -0.09038765164278448
    },
    "formal_15": {
        "formal_score": -0.08745991198159754
    },
    "formal_20": {
        "formal_score": -0.08516698065586388
    },
    "informal_10": {
        "formal_score": -1.4223919199220836
    },
    "informal_15": {
        "formal_score": -1.4385664204508066
    },
    "informal_20": {
        "formal_score": -1.44591244459711
    }
}