{
    "Doc_length": 500,
    "original": {
        "formal_count": 480,
        "informal_count": 20,
        "formal_precent": 96.0,
        "soft_score": 93.18006477355956
    },
    "formal_10": {
        "formal_count": 490,
        "informal_count": 10,
        "formal_precent": 98.0,
        "soft_score": 95.58463325500487
    },
    "formal_15": {
        "formal_count": 489,
        "informal_count": 11,
        "formal_precent": 97.8,
        "soft_score": 95.44571189880371
    },
    "formal_20": {
        "formal_count": 488,
        "informal_count": 12,
        "formal_precent": 97.6,
        "soft_score": 95.34373626708984
    },
    "informal_10": {
        "formal_count": 139,
        "informal_count": 361,
        "formal_precent": 27.800000000000004,
        "soft_score": 24.41736364364624
    },
    "informal_15": {
        "formal_count": 117,
        "informal_count": 383,
        "formal_precent": 23.400000000000002,
        "soft_score": 20.70617734193802
    },
    "informal_20": {
        "formal_count": 127,
        "informal_count": 373,
        "formal_precent": 25.4,
        "soft_score": 22.37663223743439
    }
}