{"Doc_length": 500, "original": {"formal_score": 0.9204989557415247}, "formal_10": {"formal_score": 0.9266942412927747}, "formal_15": {"formal_score": 0.9263029944524169}, "formal_20": {"formal_score": 0.9302620549034327}, "informal_10": {"formal_score": 0.8285927410409786}, "informal_15": {"formal_score": 0.7547672405596823}, "informal_20": {"formal_score": 0.7064047929067164}}